node_id,community_id
20481,0
20482,0
4101,0
20486,0
12303,0
16400,0
12305,0
4117,0
8215,0
8216,0
12314,0
8220,0
4126,0
20511,0
4128,0
20512,0
8225,0
12322,0
12324,0
4132,0
12326,0
20524,0
16428,0
4140,0
20531,0
8245,0
12348,0
16444,0
20545,0
8260,0
20551,0
16455,0
12364,0
8273,0
16466,0
20562,0
4192,0
8288,0
8289,0
12395,0
8300,0
12396,0
8315,0
8318,0
12414,0
4223,0
8320,0
4224,0
12419,0
4229,0
4230,0
20618,0
8331,0
12431,0
12438,0
16536,0
12440,0
8352,0
12453,0
12462,0
12463,0
16560,0
4275,0
4278,0
4281,0
4286,0
16577,0
12488,0
12491,0
16590,0
16592,0
20688,0
12499,0
8404,0
20693,0
16597,0
8408,0
4313,0
4316,0
8416,0
16610,0
16616,0
4333,0
8431,0
4335,0
20721,0
8433,0
4339,0
20724,0
20725,0
12535,0
20727,0
12537,0
8441,0
16637,0
8450,0
8452,0
4361,0
12559,0
8469,0
12567,0
8472,0
8478,0
12577,0
20774,0
16678,0
8488,0
4393,0
16682,0
20778,0
20780,0
4399,0
20783,0
20785,0
16690,0
20791,0
12602,0
8507,0
12606,0
8515,0
8519,0
8524,0
20812,0
4429,0
16722,0
340,0
16726,0
12637,0
8542,0
20831,0
8547,0
8554,0
4459,0
16752,0
4466,0
4468,0
20853,0
12665,0
8572,0
4484,0
20868,0
4486,0
4487,0
4493,0
12686,0
8591,0
20880,0
16784,0
4498,0
12693,0
4503,0
20889,0
4506,0
20892,0
4514,0
4515,0
16808,0
4526,0
16816,0
4532,0
20918,0
12728,0
12731,0
16828,0
20925,0
12734,0
20927,0
20928,0
4545,0
12737,0
16835,0
16837,0
16844,0
16845,0
4560,0
12752,0
16851,0
4567,0
16855,0
20951,0
8667,0
16862,0
20958,0
8675,0
8684,0
16879,0
4592,0
12786,0
20979,0
8693,0
20982,0
8700,0
12802,0
8706,0
4612,0
16901,0
8712,0
4616,0
16908,0
21004,0
16914,0
12820,0
12821,0
21020,0
12829,0
16926,0
4641,0
12840,0
8745,0
12842,0
16944,0
4657,0
16953,0
16954,0
21063,0
8777,0
12876,0
12878,0
8786,0
4690,0
12887,0
8793,0
16985,0
21084,0
8798,0
4702,0
4704,0
8802,0
21091,0
16994,0
21096,0
17002,0
4715,0
17003,0
17004,0
4716,0
21105,0
21106,0
8819,0
17015,0
4731,0
8828,0
17021,0
8831,0
21122,0
12931,0
21124,0
8837,0
17031,0
17036,0
12945,0
21141,0
4757,0
8853,0
4758,0
17048,0
4763,0
17055,0
8869,0
17063,0
8871,0
12970,0
8878,0
4786,0
12979,0
12981,0
17078,0
17079,0
17082,0
17083,0
21181,0
4803,0
8903,0
8905,0
13001,0
13002,0
4813,0
21201,0
8916,0
21205,0
4825,0
4830,0
8929,0
13027,0
8934,0
4842,0
21226,0
13034,0
13037,0
4848,0
13041,0
17138,0
17139,0
17141,0
4854,0
13047,0
21239,0
21241,0
17143,0
4862,0
21248,0
8961,0
17156,0
8964,0
13071,0
4883,0
13076,0
8981,0
17177,0
13082,0
8990,0
21280,0
17193,0
4908,0
17198,0
9006,0
4912,0
13105,0
13115,0
13116,0
4937,0
4938,0
9034,0
4945,0
9042,0
9046,0
21334,0
21340,0
21345,0
17252,0
9062,0
21351,0
13165,0
13166,0
21360,0
13169,0
17268,0
4980,0
17270,0
13175,0
17271,0
17274,0
9082,0
13181,0
17279,0
9089,0
9092,0
17287,0
17289,0
5008,0
21395,0
13206,0
5021,0
21406,0
17313,0
21412,0
5029,0
5035,0
21420,0
5038,0
9134,0
17329,0
9137,0
5045,0
21429,0
21431,0
13241,0
5049,0
5053,0
21438,0
17343,0
5056,0
13249,0
21440,0
9159,0
13258,0
972,0
13267,0
5080,0
990,0
17377,0
993,0
9186,0
5092,0
17380,0
9189,0
1000,0
17385,0
1005,0
13295,0
1011,0
9205,0
1017,0
1019,0
1023,0
9215,0
9223,0
5128,0
9224,0
1033,0
9227,0
17421,0
9230,0
1040,0
17425,0
9236,0
1045,0
17431,0
5151,0
17443,0
5165,0
17454,0
1072,0
9265,0
9267,0
17460,0
13367,0
1080,0
13370,0
13372,0
13375,0
5184,0
17472,0
9280,0
13386,0
9291,0
1100,0
13389,0
17486,0
5196,0
13391,0
13393,0
9301,0
13398,0
13402,0
9317,0
9318,0
17509,0
5226,0
9322,0
1134,0
5231,0
13425,0
1138,0
1140,0
9332,0
5238,0
5249,0
1154,0
5251,0
5252,0
9354,0
5260,0
17549,0
5263,0
17551,0
9361,0
5266,0
5270,0
1175,0
17561,0
9372,0
9376,0
13473,0
13474,0
1186,0
1187,0
5285,0
17580,0
9389,0
13485,0
5294,0
13487,0
1200,0
5298,0
1202,0
5301,0
9404,0
13503,0
9411,0
9412,0
9414,0
9415,0
1225,0
9427,0
17621,0
13528,0
5337,0
5343,0
5352,0
13545,0
17641,0
13553,0
13557,0
13559,0
1272,0
13563,0
5378,0
1285,0
5382,0
5385,0
9486,0
5391,0
1298,0
17683,0
13587,0
13588,0
5394,0
13590,0
1306,0
5403,0
9498,0
13598,0
17695,0
1313,0
13601,0
17697,0
17705,0
17709,0
1325,0
9517,0
9521,0
13622,0
5430,0
13624,0
17722,0
5436,0
17726,0
9535,0
9536,0
17729,0
1347,0
9548,0
5453,0
9549,0
17744,0
9552,0
1364,0
5461,0
17751,0
13656,0
1369,0
9561,0
9563,0
13663,0
9568,0
13664,0
5474,0
5475,0
5478,0
5479,0
9576,0
1392,0
13681,0
13691,0
17788,0
13694,0
9602,0
13699,0
1412,0
9604,0
9606,0
1423,0
5520,0
13717,0
9624,0
9628,0
5532,0
17824,0
5538,0
5541,0
17830,0
13734,0
5547,0
5548,0
5549,0
13750,0
5558,0
13751,0
1463,0
17850,0
13758,0
9663,0
9664,0
5572,0
13766,0
9670,0
1479,0
9671,0
13770,0
9674,0
13772,0
13774,0
13781,0
5590,0
1497,0
5597,0
17886,0
5600,0
9703,0
17897,0
9706,0
13804,0
9708,0
13807,0
9711,0
1521,0
5619,0
17912,0
9724,0
1532,0
17920,0
17922,0
13829,0
17926,0
9737,0
17930,0
9738,0
9740,0
5646,0
5654,0
13846,0
9750,0
5658,0
13852,0
5662,0
9758,0
1567,0
9760,0
9763,0
17956,0
1573,0
17957,0
1579,0
17964,0
1580,0
1582,0
5679,0
17968,0
9780,0
13877,0
1589,0
17975,0
1593,0
17977,0
1595,0
17983,0
1602,0
9794,0
17989,0
5702,0
1606,0
9800,0
17993,0
1610,0
13902,0
5711,0
5712,0
1615,0
18002,0
1619,0
18004,0
9813,0
9822,0
13918,0
1633,0
1634,0
1643,0
18031,0
5744,0
18037,0
5750,0
9862,0
13961,0
9866,0
5770,0
13963,0
13969,0
5782,0
9880,0
9887,0
13987,0
1699,0
9893,0
9896,0
13993,0
1706,0
9900,0
1708,0
18096,0
18098,0
14005,0
14013,0
1727,0
14019,0
1731,0
18119,0
1737,0
18121,0
9931,0
1738,0
1740,0
18125,0
9938,0
1749,0
1750,0
14041,0
14046,0
5856,0
18146,0
14052,0
9960,0
1768,0
1773,0
14064,0
9969,0
18163,0
1779,0
18164,0
5881,0
18169,0
18171,0
1787,0
9980,0
14077,0
5888,0
14081,0
9988,0
5909,0
1815,0
14105,0
1818,0
5917,0
14115,0
14126,0
10030,0
18224,0
18226,0
14132,0
1844,0
18241,0
1859,0
1863,0
18249,0
14156,0
14161,0
1876,0
1888,0
10080,0
14177,0
18275,0
14183,0
18285,0
1902,0
6003,0
14199,0
6009,0
14203,0
1916,0
18301,0
14206,0
14208,0
14209,0
1920,0
1924,0
18312,0
18316,0
10130,0
1939,0
1940,0
18324,0
14230,0
10136,0
14238,0
6047,0
1953,0
14243,0
1965,0
18349,0
10159,0
18352,0
6064,0
10161,0
6075,0
1982,0
10177,0
1991,0
18383,0
14287,0
10192,0
2002,0
18391,0
18393,0
10202,0
2011,0
10204,0
6106,0
14299,0
18399,0
18401,0
10212,0
18405,0
10213,0
6124,0
14316,0
18413,0
6125,0
14320,0
14318,0
2039,0
6136,0
2041,0
6139,0
10235,0
18428,0
18430,0
2045,0
6143,0
2050,0
18435,0
10243,0
6150,0
6153,0
14346,0
6157,0
2064,0
6160,0
6162,0
6163,0
10259,0
6165,0
6167,0
14366,0
14370,0
2084,0
6180,0
6186,0
10284,0
18477,0
18479,0
10293,0
18493,0
6208,0
6212,0
10309,0
18504,0
10315,0
10316,0
2126,0
14414,0
10320,0
2129,0
2130,0
2132,0
2134,0
14425,0
10331,0
10332,0
14428,0
14437,0
6248,0
14440,0
14441,0
2154,0
14445,0
6254,0
6255,0
14448,0
6256,0
6257,0
18545,0
18556,0
2173,0
10368,0
18562,0
10377,0
2191,0
10384,0
6293,0
18581,0
18583,0
14487,0
14488,0
2203,0
18587,0
18591,0
14497,0
14499,0
18595,0
18598,0
10406,0
10408,0
2220,0
14510,0
6321,0
18613,0
6325,0
14520,0
14521,0
18616,0
18618,0
6333,0
6338,0
18627,0
18628,0
6341,0
2249,0
6348,0
6351,0
14546,0
18642,0
2260,0
6357,0
14551,0
14555,0
18652,0
14557,0
18654,0
18657,0
14563,0
2278,0
18664,0
10474,0
2286,0
18671,0
6386,0
10483,0
10485,0
18677,0
14593,0
18690,0
6403,0
2307,0
18692,0
2305,0
2311,0
10511,0
10514,0
18708,0
18712,0
18715,0
10529,0
10531,0
18724,0
6438,0
10534,0
6439,0
2343,0
18730,0
6444,0
6452,0
14649,0
14651,0
6460,0
2364,0
6461,0
14658,0
10568,0
10569,0
18761,0
10571,0
6475,0
10576,0
14672,0
10578,0
18771,0
18770,0
18772,0
6493,0
2397,0
10589,0
14686,0
2402,0
10595,0
2403,0
18791,0
2410,0
14699,0
6511,0
10608,0
10611,0
18804,0
10613,0
14713,0
14715,0
14718,0
14719,0
2432,0
10624,0
14720,0
2435,0
6532,0
14725,0
10629,0
2438,0
10632,0
10638,0
2451,0
18844,0
2464,0
10664,0
18857,0
2476,0
18864,0
2480,0
14775,0
14776,0
6585,0
10683,0
14782,0
10693,0
2502,0
6604,0
14800,0
6610,0
14803,0
10707,0
10709,0
2516,0
6615,0
14811,0
2525,0
2527,0
2538,0
6634,0
14826,0
6636,0
6635,0
18923,0
6637,0
6640,0
2546,0
2547,0
18931,0
2550,0
18939,0
6654,0
2561,0
18945,0
18950,0
2567,0
18954,0
14864,0
18969,0
6682,0
2587,0
18972,0
6685,0
10783,0
14882,0
18982,0
6700,0
10796,0
6703,0
14896,0
10802,0
18994,0
6708,0
18997,0
2613,0
10807,0
14903,0
14904,0
10810,0
10811,0
6711,0
19000,0
2619,0
14908,0
19009,0
10818,0
19014,0
10825,0
10826,0
19021,0
2646,0
14935,0
14934,0
14936,0
2648,0
14937,0
2651,0
14938,0
10846,0
2655,0
14945,0
19043,0
10855,0
19053,0
6772,0
19061,0
10872,0
6778,0
6791,0
2696,0
19081,0
14988,0
19085,0
19089,0
2706,0
2708,0
6805,0
2709,0
19097,0
2715,0
2716,0
19103,0
15009,0
2724,0
2726,0
2728,0
15019,0
19119,0
10930,0
10943,0
2752,0
15046,0
6858,0
19149,0
15053,0
19151,0
19155,0
2774,0
2780,0
10977,0
19183,0
2802,0
15096,0
11001,0
19196,0
6912,0
11009,0
19203,0
11013,0
11014,0
15110,0
2825,0
11019,0
6924,0
19213,0
11024,0
2832,0
15121,0
11025,0
19216,0
2835,0
2836,0
15127,0
11032,0
6941,0
2849,0
15139,0
6951,0
2859,0
11052,0
19246,0
6959,0
19248,0
6958,0
19249,0
19254,0
6966,0
15159,0
2876,0
6973,0
6975,0
15168,0
2882,0
6984,0
11081,0
2894,0
19280,0
2899,0
15189,0
2909,0
15199,0
19295,0
2914,0
19298,0
11108,0
19302,0
2925,0
7022,0
19309,0
2929,0
2930,0
7031,0
19319,0
19321,0
2938,0
2940,0
19325,0
11135,0
11137,0
19330,0
7043,0
2950,0
19334,0
19336,0
15243,0
19340,0
15245,0
11151,0
19349,0
19351,0
2967,0
11164,0
15260,0
7073,0
11174,0
11175,0
2992,0
15283,0
11189,0
11190,0
11191,0
19384,0
7096,0
7098,0
19388,0
15292,0
19389,0
19399,0
11207,0
15304,0
11212,0
7118,0
11215,0
11217,0
19409,0
19410,0
3028,0
19414,0
7127,0
19420,0
19422,0
19426,0
11235,0
11238,0
11241,0
3049,0
19436,0
11244,0
7158,0
15350,0
19446,0
15354,0
7166,0
19459,0
11276,0
3085,0
7187,0
11285,0
19479,0
3097,0
19482,0
15391,0
11295,0
11296,0
3110,0
15403,0
3115,0
19503,0
11315,0
3125,0
7221,0
7223,0
19512,0
19517,0
19520,0
19523,0
15428,0
11333,0
3145,0
15439,0
3155,0
11352,0
3161,0
7257,0
15451,0
15458,0
7268,0
15463,0
15468,0
3182,0
15471,0
7279,0
11380,0
15478,0
11383,0
11385,0
3195,0
19585,0
7300,0
7301,0
15498,0
3210,0
19596,0
3211,0
15503,0
7314,0
7318,0
3224,0
11421,0
11427,0
15527,0
3241,0
3242,0
15532,0
3250,0
11442,0
19636,0
7351,0
19640,0
7355,0
3260,0
7359,0
19647,0
19649,0
15553,0
15554,0
15558,0
3273,0
11466,0
19665,0
15570,0
19666,0
15576,0
3289,0
15579,0
3291,0
11484,0
11485,0
3294,0
3303,0
19688,0
11497,0
11498,0
3309,0
19694,0
19693,0
11504,0
19695,0
15602,0
7407,0
7410,0
11506,0
7414,0
11516,0
15619,0
15620,0
15626,0
3344,0
11539,0
15636,0
3351,0
11546,0
3356,0
19746,0
11558,0
7462,0
7467,0
15661,0
7469,0
7472,0
11570,0
11571,0
15674,0
15677,0
3393,0
3397,0
15691,0
15705,0
3417,0
15706,0
15711,0
3425,0
11625,0
11626,0
19824,0
11638,0
19838,0
15744,0
3457,0
7554,0
7557,0
11654,0
7561,0
15755,0
11660,0
15758,0
19855,0
3472,0
11665,0
15762,0
19859,0
7572,0
11667,0
7570,0
11666,0
3480,0
3485,0
3490,0
11684,0
7592,0
15784,0
19883,0
15790,0
15793,0
19889,0
11697,0
11700,0
15798,0
3512,0
19898,0
11706,0
19900,0
7613,0
19901,0
15807,0
15808,0
19904,0
19909,0
3526,0
11723,0
15821,0
11726,0
19922,0
7634,0
15828,0
3542,0
11735,0
19928,0
3546,0
19930,0
7644,0
15846,0
11751,0
7657,0
19947,0
11759,0
7667,0
11763,0
19957,0
7671,0
11770,0
15869,0
3582,0
11773,0
11775,0
15871,0
19969,0
3588,0
3594,0
3596,0
15885,0
11790,0
11793,0
7698,0
19990,0
11798,0
15896,0
15903,0
15906,0
3619,0
15908,0
11815,0
11818,0
20018,0
3635,0
15924,0
7733,0
20023,0
20030,0
15934,0
15935,0
7743,0
11840,0
11847,0
20044,0
11855,0
15952,0
11864,0
3674,0
15962,0
11867,0
7770,0
3677,0
3679,0
20058,0
11869,0
15968,0
11870,0
7781,0
15973,0
11881,0
3691,0
7793,0
3699,0
11892,0
15988,0
20085,0
7804,0
7807,0
7818,0
20115,0
3733,0
7831,0
16024,0
11928,0
20126,0
20127,0
7839,0
7841,0
3745,0
3746,0
7840,0
11943,0
16040,0
11945,0
16039,0
3755,0
20146,0
3763,0
3764,0
20149,0
7862,0
20150,0
3766,0
11961,0
11962,0
16063,0
20168,0
7880,0
11978,0
20170,0
7884,0
11982,0
20175,0
16079,0
16080,0
16081,0
7893,0
16091,0
7907,0
16099,0
20201,0
3818,0
7914,0
20203,0
12024,0
20233,0
7950,0
20242,0
16146,0
16148,0
20246,0
20247,0
16154,0
3867,0
3869,0
20255,0
16165,0
12071,0
20265,0
7977,0
20267,0
20268,0
12082,0
3898,0
20288,0
3905,0
3908,0
16197,0
8006,0
3914,0
16204,0
12110,0
3922,0
16212,0
16213,0
12125,0
3934,0
8032,0
8034,0
12134,0
3942,0
8045,0
8046,0
3954,0
12147,0
20342,0
12151,0
3967,0
12161,0
12162,0
12163,0
8070,0
12167,0
8074,0
3987,0
20372,0
3989,0
12187,0
8091,0
8093,0
16286,0
8099,0
12196,0
20394,0
12204,0
4018,0
4024,0
12219,0
20413,0
8126,0
16321,0
12229,0
12231,0
8135,0
20425,0
4042,0
4048,0
12242,0
12243,0
16342,0
8153,0
16346,0
8156,0
4067,0
8164,0
4069,0
16358,0
8168,0
8169,0
20457,0
20458,0
12269,0
4081,0
8178,0
12275,0
12281,0
4093,0
4094,0
8193,1
12289,1
4098,1
16388,1
8199,1
20497,1
8212,1
4124,1
20515,1
12330,1
12331,1
20533,1
20544,1
16450,1
20547,1
8259,1
4166,1
4169,1
20567,1
20575,1
12383,1
12386,1
16487,1
8302,1
20591,1
8304,1
20592,1
4210,1
8307,1
12403,1
8309,1
8312,1
20601,1
131,1
16518,1
12422,1
8329,1
4235,1
8332,1
20622,1
16533,1
12445,1
171,1
16566,1
16569,1
8383,1
4306,1
4307,1
16595,1
12501,1
16599,1
20700,1
16605,1
12515,1
20708,1
20710,1
4327,1
12524,1
20719,1
16624,1
12530,1
20723,1
20722,1
8435,1
12536,1
20729,1
20732,1
8455,1
4360,1
8459,1
4365,1
16657,1
8466,1
8468,1
20764,1
8476,1
12576,1
8481,1
16681,1
16686,1
16693,1
12604,1
20808,1
20813,1
20815,1
12631,1
16741,1
4454,1
20839,1
20847,1
4463,1
4477,1
8585,1
20874,1
20873,1
12683,1
12703,1
4516,1
16809,1
20905,1
4523,1
4531,1
8633,1
16825,1
4546,1
16847,1
20943,1
8658,1
20947,1
8663,1
12763,1
8676,1
12774,1
16870,1
16875,1
20971,1
12781,1
8686,1
12782,1
12784,1
16883,1
16888,1
8698,1
8701,1
20991,1
8709,1
4620,1
8720,1
8725,1
12822,1
12824,1
16924,1
16931,1
12838,1
4647,1
12845,1
4658,1
12851,1
12850,1
16948,1
8761,1
12857,1
8764,1
12862,1
8769,1
21060,1
12874,1
21067,1
16979,1
8806,1
8807,1
4712,1
21098,1
17005,1
4717,1
4723,1
12921,1
4730,1
12930,1
8839,1
17039,1
12944,1
17041,1
17049,1
4762,1
4768,1
8873,1
4780,1
4782,1
4783,1
17076,1
8884,1
17092,1
21188,1
21189,1
21190,1
17095,1
13005,1
17103,1
4832,1
17121,1
13026,1
4841,1
17137,1
8945,1
13057,1
21258,1
8971,1
8972,1
4878,1
8984,1
797,1
8989,1
8994,1
21289,1
17194,1
4907,1
21293,1
17200,1
13106,1
17214,1
17215,1
4930,1
21319,1
9032,1
4939,1
17229,1
17231,1
13137,1
4948,1
21337,1
9053,1
4965,1
21352,1
4971,1
4978,1
17275,1
4995,1
21381,1
17286,1
4998,1
9094,1
5003,1
9100,1
17294,1
21396,1
5013,1
918,1
21399,1
21401,1
5017,1
21402,1
21404,1
21409,1
21410,1
9123,1
17320,1
9129,1
17323,1
17324,1
5037,1
5041,1
5050,1
9148,1
13245,1
13255,1
968,1
9162,1
13264,1
13266,1
5075,1
13268,1
5079,1
5082,1
995,1
9188,1
997,1
998,1
5096,1
5097,1
1004,1
17391,1
9204,1
13301,1
5112,1
17402,1
1025,1
1029,1
1030,1
17418,1
1035,1
1037,1
17426,1
13331,1
5139,1
5144,1
13341,1
13342,1
9247,1
13345,1
1059,1
5157,1
17453,1
13358,1
17456,1
5169,1
5176,1
1081,1
9275,1
1088,1
9282,1
13383,1
9288,1
17481,1
5194,1
13388,1
1104,1
17488,1
9304,1
17503,1
9315,1
1124,1
1131,1
17517,1
9327,1
5233,1
5234,1
9335,1
13434,1
9342,1
9351,1
9353,1
9355,1
13452,1
1166,1
1167,1
9362,1
1170,1
9365,1
17574,1
5286,1
13479,1
1197,1
9392,1
17587,1
9396,1
9399,1
1209,1
5307,1
13499,1
9410,1
1222,1
13513,1
5326,1
9422,1
9426,1
1237,1
13526,1
9434,1
17635,1
9461,1
13562,1
5374,1
1292,1
17676,1
9502,1
9508,1
13606,1
9513,1
1321,1
13616,1
5425,1
13623,1
5433,1
1342,1
5439,1
17731,1
1349,1
13639,1
13640,1
1353,1
13646,1
5455,1
17743,1
9555,1
1365,1
9558,1
9559,1
13655,1
17753,1
1370,1
1376,1
13665,1
5477,1
13676,1
5489,1
13682,1
9589,1
1401,1
9596,1
1405,1
17797,1
17801,1
13711,1
9617,1
13713,1
17813,1
5528,1
13722,1
5534,1
13727,1
9652,1
17851,1
13759,1
9668,1
13769,1
17869,1
1486,1
17875,1
9684,1
5592,1
17881,1
5598,1
13790,1
9694,1
9697,1
1504,1
9699,1
1520,1
1522,1
13818,1
1533,1
17919,1
1535,1
17921,1
13827,1
17924,1
17923,1
13830,1
1541,1
1543,1
1542,1
9741,1
5649,1
5652,1
13844,1
9749,1
13854,1
9759,1
1566,1
17952,1
17953,1
9765,1
9768,1
9770,1
5675,1
5678,1
9778,1
1590,1
1591,1
5689,1
17979,1
1598,1
9804,1
5709,1
13905,1
9820,1
9828,1
13924,1
18025,1
13933,1
18030,1
13935,1
5743,1
13936,1
1654,1
1658,1
5757,1
1662,1
18045,1
13959,1
13962,1
5772,1
5775,1
18067,1
18071,1
9879,1
9883,1
18077,1
13983,1
9888,1
18082,1
1700,1
1701,1
1703,1
1705,1
5807,1
18102,1
5821,1
18112,1
5833,1
14028,1
18126,1
14034,1
14036,1
18134,1
5850,1
9950,1
18147,1
9955,1
5869,1
9968,1
14065,1
14067,1
14072,1
9979,1
1790,1
5891,1
14085,1
5897,1
14090,1
14094,1
5903,1
5910,1
18199,1
14106,1
14111,1
10018,1
1829,1
10023,1
14121,1
1839,1
10037,1
14133,1
1853,1
10053,1
14152,1
18250,1
1867,1
14160,1
10065,1
18258,1
10068,1
18263,1
10071,1
1882,1
18269,1
1885,1
18273,1
1900,1
18286,1
18288,1
18289,1
1908,1
18295,1
1922,1
18309,1
14217,1
18315,1
18317,1
18318,1
1938,1
18322,1
14231,1
18338,1
10147,1
14242,1
10157,1
14260,1
14262,1
10167,1
6072,1
14268,1
1985,1
18370,1
18379,1
18385,1
2001,1
18386,1
6099,1
6100,1
6102,1
14303,1
2015,1
14305,1
10209,1
14306,1
14309,1
14313,1
14315,1
10222,1
10226,1
18421,1
6134,1
6137,1
14335,1
18437,1
10245,1
2055,1
2054,1
2058,1
14350,1
2065,1
2069,1
2070,1
10269,1
18462,1
18476,1
6190,1
18478,1
10290,1
18484,1
18486,1
14396,1
10301,1
18496,1
10304,1
18498,1
14409,1
14410,1
14418,1
2139,1
14432,1
14435,1
2163,1
2166,1
14456,1
2168,1
10364,1
14464,1
14473,1
18570,1
14475,1
10385,1
18577,1
14484,1
18585,1
6299,1
2217,1
18602,1
10410,1
2227,1
10419,1
10429,1
18624,1
10437,1
10441,1
2250,1
6355,1
18645,1
14552,1
6363,1
10460,1
14559,1
18658,1
18659,1
2279,1
14567,1
6381,1
2289,1
18676,1
6391,1
10489,1
18681,1
14592,1
6406,1
14604,1
18702,1
18707,1
14616,1
18721,1
14630,1
18731,1
2350,1
2351,1
2354,1
6457,1
18748,1
6467,1
14661,1
6471,1
10572,1
14668,1
10574,1
6482,1
2391,1
6489,1
6494,1
10591,1
18784,1
14694,1
6504,1
2409,1
10606,1
2415,1
18800,1
14705,1
6518,1
6527,1
14726,1
6539,1
18830,1
18842,1
14747,1
2468,1
2469,1
2475,1
14774,1
2488,1
10686,1
10689,1
2506,1
14795,1
18894,1
18896,1
18899,1
10708,1
18905,1
2522,1
10718,1
2529,1
14821,1
14824,1
18927,1
10735,1
6646,1
2559,1
6666,1
10763,1
6669,1
6670,1
6675,1
18973,1
2590,1
10786,1
14890,1
2602,1
14892,1
2604,1
18990,1
6704,1
10801,1
18993,1
18996,1
6710,1
10808,1
2617,1
10815,1
10831,1
10836,1
2644,1
6745,1
6747,1
14942,1
2663,1
14952,1
10861,1
10862,1
19071,1
19080,1
19088,1
2705,1
15000,1
2714,1
19104,1
6816,1
10915,1
19112,1
10924,1
15024,1
15027,1
10932,1
15028,1
2741,1
6840,1
15032,1
19133,1
15043,1
15047,1
2763,1
19150,1
15068,1
15070,1
10974,1
2798,1
6897,1
10995,1
10996,1
6900,1
15094,1
2807,1
19192,1
2811,1
11004,1
11005,1
6909,1
2814,1
6916,1
2829,1
2831,1
11031,1
11033,1
6937,1
19231,1
2850,1
6948,1
6950,1
19242,1
6970,1
6971,1
2879,1
11072,1
15170,1
11076,1
11077,1
11080,1
2891,1
19278,1
15183,1
2900,1
2907,1
11099,1
2908,1
15197,1
19296,1
2913,1
11111,1
15208,1
7015,1
2919,1
11121,1
7029,1
11131,1
7039,1
2946,1
11140,1
2951,1
7053,1
7058,1
2964,1
7064,1
15269,1
15270,1
15271,1
19368,1
15278,1
19375,1
11183,1
2991,1
19379,1
15284,1
19386,1
3002,1
19395,1
7109,1
11205,1
7110,1
15307,1
3019,1
15313,1
11218,1
7123,1
3031,1
11223,1
19417,1
15328,1
11236,1
3045,1
11239,1
15339,1
11247,1
19443,1
19445,1
11266,1
11269,1
3079,1
15367,1
19472,1
7185,1
11282,1
3089,1
11286,1
7191,1
7192,1
11289,1
7194,1
3098,1
7197,1
11294,1
19488,1
11297,1
19494,1
11302,1
11305,1
3117,1
7215,1
11317,1
3126,1
3128,1
19513,1
3130,1
3131,1
19515,1
3136,1
15425,1
3138,1
15429,1
3141,1
3146,1
19530,1
19534,1
7247,1
11345,1
11346,1
19538,1
15452,1
7265,1
15459,1
15464,1
7274,1
15469,1
11381,1
3190,1
15479,1
3193,1
11392,1
19594,1
11405,1
15502,1
3215,1
3218,1
15506,1
3228,1
3230,1
3231,1
11428,1
3240,1
19627,1
11439,1
3247,1
7350,1
19643,1
19644,1
15552,1
3264,1
7363,1
19657,1
19658,1
7376,1
7381,1
11479,1
15577,1
3293,1
11487,1
3297,1
7394,1
7396,1
3300,1
11492,1
7399,1
19690,1
7403,1
19692,1
7411,1
3317,1
15611,1
7424,1
11521,1
15622,1
7436,1
7451,1
11554,1
7459,1
15658,1
15669,1
3407,1
7506,1
15699,1
3416,1
7512,1
3421,1
15709,1
15715,1
15722,1
11627,1
7535,1
3441,1
3446,1
11639,1
15736,1
3449,1
15743,1
7553,1
19849,1
7568,1
3474,1
19858,1
15774,1
11679,1
11680,1
7585,1
15777,1
15776,1
19877,1
11686,1
11693,1
11695,1
7599,1
3506,1
7607,1
7611,1
15804,1
3523,1
15813,1
19911,1
3535,1
7631,1
11738,1
11739,1
7642,1
11745,1
3557,1
7656,1
3563,1
15855,1
19952,1
7668,1
11764,1
11766,1
7670,1
15864,1
19962,1
15878,1
7687,1
7688,1
15886,1
3599,1
3603,1
11797,1
11801,1
19993,1
11802,1
11810,1
20006,1
15910,1
11814,1
15915,1
11821,1
15923,1
20020,1
11831,1
7735,1
3639,1
3642,1
15932,1
20039,1
20041,1
20052,1
20055,1
15964,1
15967,1
3684,1
20075,1
7788,1
3694,1
15985,1
7797,1
15990,1
11896,1
20090,1
3706,1
20091,1
11904,1
16005,1
20103,1
3722,1
11914,1
3724,1
16012,1
3725,1
16013,1
11917,1
3730,1
7827,1
20118,1
11927,1
7836,1
11939,1
7844,1
7845,1
3749,1
7847,1
11947,1
7856,1
7860,1
3765,1
3768,1
11960,1
7875,1
20165,1
20167,1
11976,1
3794,1
16083,1
3799,1
7895,1
3814,1
20198,1
20204,1
3821,1
3823,1
7927,1
7928,1
12028,1
3846,1
16142,1
12050,1
12057,1
12062,1
16170,1
12077,1
7981,1
20271,1
20272,1
16178,1
12083,1
16183,1
12088,1
20285,1
7997,1
20287,1
12098,1
16195,1
16209,1
16218,1
12123,1
20316,1
20318,1
16222,1
3943,1
3945,1
3948,1
12143,1
16240,1
12148,1
3964,1
16257,1
3970,1
20367,1
12176,1
8081,1
12177,1
3985,1
16276,1
3986,1
16277,1
12181,1
20376,1
12184,1
12186,1
3997,1
16285,1
12191,1
8096,1
20386,1
4002,1
20391,1
12199,1
20395,1
12205,1
20397,1
8111,1
4021,1
8118,1
16311,1
20409,1
8123,1
20414,1
8127,1
12225,1
8136,1
4046,1
16335,1
16334,1
8145,1
8147,1
8149,1
16343,1
4055,1
4062,1
20456,1
8172,1
20461,1
4080,1
12274,1
8181,1
20473,1
4091,1
8191,1
12296,2
20489,2
8201,2
10253,2
12302,2
20495,2
10258,2
4114,2
16410,2
2074,2
20508,2
12321,2
18470,2
12335,2
6192,2
2097,2
20530,2
8244,2
10292,2
20540,2
20546,2
18499,2
12356,2
14405,2
6213,2
10314,2
20555,2
12363,2
18508,2
18510,2
20559,2
16465,2
18517,2
6233,2
20571,2
18524,2
2145,2
16482,2
8301,2
8303,2
10352,2
8306,2
20594,2
16501,2
8310,2
18552,2
8317,2
16510,2
16512,2
4226,2
16516,2
12420,2
20614,2
18567,2
16520,2
16521,2
12426,2
6283,2
16527,2
20624,2
18576,2
12435,2
16532,2
2197,2
18580,2
16535,2
4247,2
16534,2
12442,2
20635,2
16541,2
18594,2
6307,2
12452,2
4265,2
8364,2
4271,2
10415,2
10416,2
8367,2
14514,2
20658,2
4274,2
6323,2
6324,2
6328,2
4283,2
16573,2
2240,2
14529,2
2242,2
8385,2
2246,2
18631,2
16583,2
18638,2
18640,2
16593,2
2262,2
10457,2
16602,2
14556,2
14561,2
10467,2
10468,2
18660,2
12518,2
16618,2
12522,2
8428,2
12528,2
6385,2
4340,2
2293,2
8438,2
20726,2
2296,2
16634,2
8443,2
14589,2
12542,2
12543,2
10496,2
12544,2
12545,2
12541,2
10501,2
12550,2
14597,2
6408,2
12554,2
8460,2
14606,2
6416,2
18704,2
4368,2
10513,2
2323,2
4382,2
6431,2
16671,2
18719,2
20770,2
16675,2
20772,2
16680,2
6449,2
10549,2
6454,2
4409,2
2362,2
6459,2
4413,2
20799,2
10559,2
20804,2
20805,2
18759,2
14666,2
18762,2
12618,2
14671,2
8528,2
12624,2
14673,2
12627,2
16723,2
4437,2
16724,2
4439,2
6484,2
12630,2
10586,2
10587,2
16732,2
14687,2
6499,2
14693,2
14695,2
8553,2
2412,2
2413,2
2414,2
6512,2
10609,2
4481,2
6537,2
18826,2
2442,2
8586,2
6545,2
16791,2
12702,2
4510,2
20897,2
18850,2
12711,2
16810,2
10668,2
18861,2
16814,2
10671,2
8623,2
2483,2
12723,2
4533,2
12727,2
14777,2
6587,2
2491,2
8637,2
4541,2
4542,2
6591,2
12733,2
6594,2
20930,2
14790,2
16841,2
6602,2
12750,2
10703,2
14801,2
16850,2
12755,2
18901,2
2519,2
8666,2
10716,2
12767,2
12769,2
10724,2
18917,2
6631,2
18920,2
10734,2
4590,2
14832,2
16881,2
4595,2
10740,2
4598,2
6652,2
20996,2
12805,2
20998,2
6667,2
6668,2
12812,2
4622,2
14865,2
8723,2
21015,2
4632,2
16922,2
12827,2
6686,2
4639,2
6689,2
12834,2
2598,2
8744,2
10792,2
10795,2
21039,2
16947,2
10804,2
12854,2
8763,2
16958,2
19006,2
12864,2
14914,2
12867,2
19010,2
19017,2
21066,2
16970,2
4687,2
8787,2
12883,2
16981,2
2649,2
2652,2
19038,2
21086,2
4703,2
2657,2
21089,2
10850,2
10851,2
2664,2
8808,2
4718,2
10863,2
19059,2
8827,2
12924,2
6784,2
17024,2
8834,2
19075,2
12935,2
2701,2
19090,2
21140,2
19093,2
14996,2
19094,2
17046,2
4761,2
17056,2
17057,2
8865,2
12966,2
8872,2
8875,2
8876,2
4781,2
10927,2
12977,2
15025,2
10935,2
21175,2
21177,2
6844,2
8893,2
17085,2
8895,2
2755,2
2757,2
19145,2
21194,2
19148,2
17102,2
15054,2
10959,2
17104,2
4817,2
21203,2
2771,2
4821,2
19160,2
2777,2
15066,2
10972,2
13021,2
13022,2
21216,2
10980,2
13032,2
10985,2
21230,2
4847,2
10993,2
4849,2
6899,2
15093,2
11002,2
13054,2
6911,2
19200,2
21252,2
13061,2
8965,2
17160,2
19209,2
4873,2
17163,2
6925,2
785,2
4884,2
6939,2
19228,2
17181,2
6942,2
21281,2
8996,2
11048,2
2864,2
6961,2
19251,2
2869,2
11061,2
9014,2
11063,2
6967,2
17210,2
9019,2
6972,2
9020,2
13117,2
11069,2
17221,2
19271,2
19272,2
13130,2
13131,2
11083,2
9035,2
21325,2
846,2
9039,2
2896,2
854,2
9047,2
7001,2
13145,2
15198,2
9055,2
2912,2
2915,2
21349,2
17254,2
7028,2
2932,2
4981,2
9078,2
19320,2
4989,2
21374,2
2942,2
13183,2
9088,2
7042,2
13187,2
19333,2
15237,2
17285,2
19335,2
13192,2
2954,2
7052,2
11152,2
15249,2
11153,2
5012,2
15254,2
2971,2
17307,2
929,2
17315,2
7076,2
11173,2
21414,2
2984,2
19376,2
2995,2
951,2
17335,2
11196,2
7102,2
13246,2
19390,2
11200,2
3008,2
17347,2
969,2
13257,2
11213,2
3023,2
5072,2
13265,2
9169,2
982,2
17370,2
3034,2
15322,2
19419,2
19425,2
5090,2
15333,2
19432,2
19433,2
1002,2
3053,2
9198,2
15343,2
3055,2
19439,2
13297,2
1009,2
17398,2
1015,2
3064,2
13306,2
9212,2
7164,2
15359,2
11264,2
15361,2
13313,2
15362,2
3075,2
9219,2
17417,2
9225,2
1036,2
13325,2
3086,2
5133,2
19470,2
11281,2
3094,2
3095,2
19483,2
9243,2
17438,2
5152,2
9249,2
1066,2
3116,2
9269,2
19509,2
17462,2
15415,2
17464,2
11321,2
9274,2
11323,2
15422,2
15424,2
9284,2
13380,2
19525,2
9286,2
15436,2
3148,2
11341,2
11343,2
9295,2
15443,2
19540,2
7252,2
17493,2
9300,2
17496,2
9305,2
11355,2
7263,2
15455,2
15457,2
17507,2
9324,2
19566,2
19567,2
3185,2
19569,2
3188,2
19573,2
15476,2
5237,2
19574,2
3192,2
13432,2
9339,2
19576,2
11387,2
13430,2
9340,2
13438,2
19584,2
17537,2
11395,2
13443,2
19588,2
19590,2
13453,2
19600,2
1168,2
9363,2
15511,2
5272,2
9368,2
19609,2
5275,2
15517,2
17566,2
15520,2
1185,2
9378,2
11425,2
5283,2
19621,2
15524,2
15526,2
11434,2
11437,2
9391,2
15535,2
11441,2
15538,2
13491,2
19646,2
19651,2
3269,2
11464,2
9418,2
17611,2
13516,2
5325,2
19667,2
11476,2
15573,2
19668,2
7383,2
3288,2
19680,2
1249,2
13538,2
5346,2
19685,2
3301,2
13543,2
3302,2
7398,2
13547,2
1260,2
1261,2
13550,2
19699,2
13556,2
5365,2
5367,2
5372,2
1277,2
13566,2
5376,2
11520,2
13569,2
7427,2
9476,2
9477,2
5387,2
1295,2
3348,2
5402,2
11553,2
3361,2
3367,2
7471,2
9523,2
17715,2
13627,2
1339,2
13631,2
3392,2
13635,2
5443,2
11588,2
15685,2
17737,2
13641,2
9547,2
15696,2
13649,2
13651,2
7508,2
13652,2
1366,2
13654,2
7514,2
15707,2
17757,2
9566,2
11617,2
1380,2
13673,2
13675,2
7532,2
13680,2
9586,2
1396,2
3445,2
1400,2
17785,2
13692,2
7551,2
17791,2
1415,2
11659,2
1420,2
11661,2
3477,2
3481,2
9630,2
17823,2
7584,2
5539,2
19876,2
3495,2
5543,2
17833,2
13738,2
19884,2
19885,2
3501,2
17840,2
13748,2
17846,2
9654,2
19896,2
5563,2
9661,2
15814,2
19913,2
5580,2
3533,2
3534,2
13773,2
13776,2
5585,2
11731,2
1491,2
7637,2
15831,2
13787,2
17887,2
17889,2
9698,2
15843,2
7652,2
11752,2
3561,2
5609,2
15851,2
3564,2
17905,2
17906,2
13813,2
3574,2
5625,2
17917,2
15879,2
17929,2
5645,2
13838,2
1550,2
11792,2
7697,2
13842,2
19988,2
11796,2
9751,2
3607,2
1561,2
15900,2
3612,2
15902,2
20011,2
3628,2
13868,2
13871,2
3633,2
5683,2
9788,2
7744,2
1603,2
11844,2
11845,2
7754,2
7757,2
20049,2
15957,2
15959,2
7767,2
20057,2
13914,2
13916,2
18012,2
18015,2
15969,2
13925,2
3689,2
15979,2
18027,2
7794,2
5746,2
5748,2
3700,2
11894,2
5751,2
13943,2
11893,2
5753,2
13946,2
13942,2
15995,2
18047,2
7809,2
13953,2
11905,2
16004,2
11908,2
18054,2
11912,2
1673,2
20104,2
20105,2
1677,2
18061,2
1678,2
16016,2
1681,2
16017,2
1686,2
7833,2
9882,2
18075,2
13977,2
13980,2
16033,2
7842,2
9891,2
7843,2
16037,2
3752,2
13992,2
16041,2
7852,2
7853,2
20143,2
13999,2
16052,2
5813,2
1718,2
16055,2
18103,2
16058,2
5819,2
3777,2
16066,2
14018,2
5827,2
5830,2
1736,2
20171,2
20173,2
5841,2
18132,2
14037,2
14038,2
20184,2
3801,2
18137,2
1757,2
14048,2
16097,2
9954,2
7909,2
5861,2
20199,2
5862,2
18151,2
1770,2
7916,2
14060,2
20206,2
20205,2
1776,2
18158,2
20211,2
1780,2
18165,2
18166,2
14074,2
3834,2
14080,2
18177,2
18179,2
3848,2
14089,2
18185,2
16140,2
5900,2
14093,2
16141,2
14095,2
10003,2
16150,2
3863,2
18200,2
12058,2
1819,2
1821,2
20254,2
12064,2
12066,2
14120,2
1832,2
14124,2
7983,2
3887,2
12080,2
20274,2
3890,2
7988,2
3892,2
1847,2
3899,2
18238,2
7999,2
3904,2
12097,2
3907,2
3910,2
3912,2
14154,2
14155,2
1869,2
16207,2
1872,2
16210,2
20311,2
8024,2
18264,2
18266,2
20314,2
18271,2
16223,2
12130,2
8039,2
8040,2
1897,2
16237,2
3953,2
18293,2
16251,2
6011,2
16252,2
20350,2
20351,2
18306,2
6019,2
12164,2
16266,2
3984,2
12179,2
14229,2
1941,2
1942,2
14235,2
20382,2
3998,2
18335,2
1952,2
8100,2
1958,2
10152,2
1961,2
6057,2
12202,2
4010,2
18346,2
8113,2
10165,2
18362,2
6076,2
14269,2
14270,2
4031,2
18368,2
20415,2
16323,2
10182,2
10183,2
1993,2
14281,2
10186,2
14283,2
1995,2
8139,2
8141,2
6095,2
14295,2
12253,2
6110,2
20450,2
12259,2
2021,2
8165,2
4070,2
4072,2
8173,2
4082,2
10228,2
2036,2
16372,2
2037,2
12278,2
8198,3
12294,3
18440,3
6158,3
8208,3
20496,3
8209,3
20500,3
10263,3
14361,3
20506,3
12315,3
6171,3
12316,3
10273,3
4139,3
12336,3
10289,3
12342,3
4150,3
12347,3
16448,3
18500,3
6214,3
2120,3
12361,3
2121,3
18505,3
20560,3
18513,3
20563,3
10325,3
14421,3
12377,3
14429,3
2142,3
8287,3
18531,3
12389,3
10341,3
6252,3
18547,3
10360,3
20611,3
12425,3
16523,3
20623,3
10383,3
10390,3
10391,3
2199,3
20633,3
16537,3
12444,3
18590,3
10399,3
2207,3
4256,3
2212,3
6311,3
10409,3
18601,3
6318,3
6320,3
12467,3
16567,3
4280,3
2238,3
4288,3
8386,3
12484,3
18630,3
20678,3
16584,3
20681,3
6346,3
20683,3
8395,3
6349,3
8399,3
10449,3
8405,3
10454,3
10453,3
10456,3
14554,3
12507,3
16603,3
20701,3
12510,3
12512,3
2274,3
8419,3
14564,3
12516,3
12517,3
18662,3
6376,3
20716,3
2284,3
16623,3
6383,3
10481,3
14582,3
18682,3
255,3
10497,3
4356,3
6409,3
12553,3
18710,3
20758,3
2326,3
14615,3
16666,3
16669,3
20766,3
8479,3
14628,3
18726,3
4390,3
12594,3
8499,3
2359,3
16695,3
14650,3
8508,3
14656,3
6466,3
16707,3
16708,3
10564,3
12614,3
14665,3
16714,3
16715,3
4427,3
8530,3
8533,3
16727,3
10584,3
14681,3
20825,3
16733,3
16740,3
18794,3
4458,3
14698,3
4461,3
2416,3
6515,3
8569,3
4476,3
2428,3
10621,3
10623,3
2434,3
20866,3
4483,3
2440,3
16778,3
14732,3
16781,3
8590,3
16782,3
10639,3
6543,3
20882,3
20883,3
10644,3
10648,3
14744,3
4504,3
2462,3
12706,3
14755,3
14760,3
18858,3
20913,3
12722,3
14770,3
4537,3
8636,3
10684,3
8642,3
4547,3
6597,3
2503,3
20936,3
20938,3
14799,3
6609,3
20956,3
4572,3
4573,3
18909,3
8670,3
10723,3
12772,3
10725,3
6630,3
16872,3
12777,3
14828,3
14829,3
2542,3
6641,3
4593,3
2549,3
12789,3
14841,3
6651,3
16893,3
20992,3
20993,3
10754,3
18946,3
2566,3
18957,3
18958,3
4624,3
16913,3
14872,3
6684,3
14877,3
12830,3
14879,3
4642,3
16930,3
6695,3
21036,3
12852,3
2612,3
21046,3
16956,3
19005,3
2625,3
6726,3
4681,3
19022,3
14926,3
6736,3
14930,3
4691,3
12885,3
10838,3
2645,3
10837,3
12891,3
19040,3
4705,3
21097,3
17008,3
19056,3
17014,3
17018,3
2682,3
17020,3
12925,3
652,3
19092,3
4760,3
8860,3
4767,3
21152,3
17061,3
19113,3
2731,3
2737,3
12980,3
19126,3
15031,3
8889,3
8890,3
8892,3
19132,3
17086,3
4805,3
19147,3
17100,3
4812,3
21198,3
2767,3
15056,3
10960,3
10962,3
19154,3
19156,3
2773,3
4822,3
13017,3
19161,3
19162,3
2778,3
19163,3
13024,3
21217,3
13029,3
8936,3
13033,3
2796,3
8940,3
15086,3
10990,3
13038,3
4850,3
2804,3
15092,3
10998,3
17148,3
2813,3
21244,3
6908,3
17150,3
6910,3
8962,3
4865,3
19204,3
2827,3
2828,3
13068,3
17165,3
4886,3
11030,3
19224,3
13084,3
17182,3
17183,3
17186,3
4898,3
4901,3
19238,3
17196,3
2863,3
9012,3
4917,3
4919,3
9017,3
19260,3
2878,3
4928,3
19267,3
17222,3
4936,3
13132,3
17228,3
9048,3
9049,3
2910,3
7007,3
11123,3
19317,3
21371,3
13182,3
15232,3
2944,3
15233,3
15234,3
15235,3
15236,3
17282,3
13195,3
21397,3
17301,3
13207,3
7062,3
15258,3
11162,3
19358,3
2976,3
7072,3
5024,3
11170,3
15267,3
7077,3
7078,3
21417,3
9130,3
7090,3
5043,3
21428,3
9141,3
3003,3
3005,3
3007,3
19392,3
7107,3
9157,3
17355,3
974,3
5070,3
17359,3
15314,3
9170,3
17365,3
5084,3
9185,3
17378,3
5095,3
17383,3
9196,3
19440,3
9200,3
11249,3
17395,3
17400,3
13304,3
1016,3
9209,3
13307,3
17404,3
9217,3
1026,3
11267,3
9221,3
19462,3
11271,3
15376,3
1041,3
19474,3
19475,3
15380,3
5140,3
9239,3
19481,3
13340,3
9246,3
19491,3
5156,3
5158,3
13351,3
13353,3
9257,3
11309,3
5166,3
3119,3
13360,3
9262,3
5174,3
9273,3
9277,3
11328,3
19521,3
13377,3
11331,3
17476,3
5195,3
9292,3
3156,3
13400,3
17501,3
13406,3
15456,3
5217,3
11365,3
3189,3
17525,3
19577,3
1148,3
3197,3
17533,3
11393,3
17540,3
11396,3
5253,3
1159,3
11399,3
17545,3
5258,3
11404,3
13456,3
5267,3
3222,3
11424,3
11426,3
11430,3
11432,3
9395,3
5299,3
13493,3
17592,3
7354,3
17595,3
7356,3
15547,3
7362,3
3271,3
3274,3
19659,3
13518,3
13519,3
13522,3
11474,3
3283,3
9430,3
19670,3
7389,3
17629,3
13534,3
7391,3
9439,3
7393,3
17634,3
17644,3
11503,3
1268,3
19701,3
1275,3
7420,3
13567,3
17664,3
9475,3
7428,3
7430,3
9478,3
11529,3
9483,3
9489,3
19732,3
7445,3
17684,3
5400,3
13596,3
19741,3
5405,3
17693,3
19744,3
15647,3
7456,3
9505,3
1316,3
15657,3
19753,3
9514,3
19764,3
5429,3
19765,3
19766,3
17718,3
19767,3
19770,3
3385,3
17724,3
15682,3
19781,3
7496,3
19789,3
19792,3
17745,3
19799,3
9560,3
13657,3
5468,3
7516,3
19811,3
11621,3
7530,3
9585,3
1394,3
1395,3
19827,3
19828,3
19833,3
7547,3
13696,3
11648,3
11650,3
13698,3
15749,3
19847,3
7564,3
11663,3
13712,3
19857,3
9618,3
5525,3
17814,3
19863,3
17818,3
19870,3
7582,3
15775,3
5536,3
9632,3
15780,3
11689,3
11694,3
9647,3
15792,3
19890,3
5555,3
5556,3
7606,3
3513,3
11705,3
17856,3
1473,3
7617,3
17861,3
3528,3
19914,3
5583,3
7632,3
9682,3
7635,3
1492,3
5588,3
7639,3
1498,3
3547,3
1499,3
15838,3
7646,3
7650,3
19940,3
19941,3
7664,3
7666,3
1523,3
11769,3
5626,3
7675,3
5630,3
5631,3
5633,3
9732,3
15876,3
17927,3
17928,3
9735,3
15880,3
5640,3
15884,3
13837,3
13839,3
13841,3
19987,3
13845,3
1560,3
1563,3
19995,3
7710,3
17960,3
1586,3
13876,3
5684,3
15930,3
7739,3
5693,3
7752,3
20046,3
1614,3
5713,3
15961,3
20059,3
5723,3
11875,3
11876,3
13926,3
13927,3
7784,3
9833,3
13932,3
11885,3
9838,3
9839,3
18034,3
9842,3
9846,3
18038,3
3703,3
7800,3
9848,3
11898,3
7805,3
3711,3
3713,3
9858,3
13956,3
11916,3
11919,3
13970,3
16022,3
9881,3
20122,3
20131,3
20134,3
11948,3
13998,3
11965,3
18111,3
14017,3
20166,3
18118,3
5832,3
7881,3
16073,3
5838,3
1742,3
20177,3
3795,3
9939,3
14049,3
5859,3
14055,3
9967,3
7919,3
18162,3
7923,3
16118,3
20216,3
3833,3
9982,3
3839,3
3838,3
1791,3
18178,3
20235,3
20238,3
10005,3
18197,3
7961,3
7968,3
18209,3
16161,3
20260,3
10022,3
16167,3
3886,3
20270,3
16176,3
10034,3
16182,3
14134,3
3894,3
12090,3
14138,3
10044,3
1854,3
14150,3
1862,3
8008,3
10054,3
3915,3
10060,3
18253,3
1878,3
12120,3
18267,3
20323,3
20329,3
3947,3
18284,3
6005,3
18296,3
1921,3
20359,3
1927,3
20363,3
6029,3
12178,3
16275,3
6035,3
3990,3
12183,3
12185,3
16281,3
1947,3
14237,3
6045,3
1950,3
10144,3
4001,3
10149,3
4009,3
14251,3
20406,3
20411,3
8124,3
12222,3
14273,3
18369,3
1989,3
6086,3
1994,3
8142,3
20430,3
20437,3
4057,3
16348,3
4061,3
16350,3
10206,3
6112,3
16353,3
6122,3
16367,3
16373,3
16374,3
20475,3
14338,4
4099,4
16389,4
10246,4
2056,4
10249,4
20490,4
4107,4
14348,4
6161,4
12307,4
14359,4
20504,4
2082,4
16420,4
6203,4
8251,4
4159,4
6207,4
4162,4
10308,4
18501,4
6215,4
8266,4
20558,4
6223,4
10318,4
18511,4
20565,4
12375,4
18520,4
8282,4
12379,4
18528,4
10338,4
18539,4
4215,4
2170,4
14459,4
8316,4
12413,4
8322,4
12434,4
14485,4
14491,4
14496,4
12448,4
8355,4
12451,4
20646,4
8360,4
8362,4
18605,4
4269,4
14512,4
8370,4
4276,4
10427,4
18622,4
8388,4
2245,4
14539,4
10445,4
12504,4
16607,4
2275,4
14565,4
12520,4
14571,4
16621,4
6384,4
20720,4
16630,4
10488,4
6393,4
14586,4
12540,4
8444,4
2300,4
8446,4
4351,4
18688,4
8457,4
10507,4
14609,4
10520,4
10232,4
2330,4
14619,4
10527,4
14623,4
14635,4
14639,4
6448,4
8500,4
20794,4
14654,4
8513,4
20803,4
2372,4
10565,4
10566,4
14663,4
20807,4
8521,4
18765,4
12625,4
12626,4
14675,4
20822,4
12280,4
2396,4
6497,4
6498,4
12643,4
2407,4
6506,4
8562,4
14711,4
18808,4
20860,4
16765,4
6529,4
10626,4
14723,4
20871,4
14739,4
18839,4
14749,4
10662,4
20908,4
16815,4
2481,4
16821,4
14779,4
20926,4
18880,4
12739,4
12743,4
20937,4
18893,4
14804,4
14805,4
8660,4
12764,4
14817,4
4579,4
6629,4
14825,4
20972,4
20974,4
6650,4
2555,4
20987,4
6655,4
10751,4
6663,4
16903,4
4617,4
2570,4
21003,4
21007,4
6672,4
14866,4
18966,4
10776,4
18971,4
6691,4
4645,4
8746,4
12844,4
21038,4
19001,4
12858,4
19002,4
14916,4
14917,4
2632,4
14923,4
12877,4
14929,4
16984,4
19033,4
21083,4
2653,4
16990,4
8800,4
6754,4
14950,4
12905,4
14956,4
8817,4
2676,4
17016,4
4728,4
6790,4
14983,4
8845,4
12941,4
19086,4
17042,4
10900,4
21142,4
4769,4
675,4
4775,4
15016,4
4777,4
21161,4
17068,4
6831,4
8882,4
8888,4
10936,4
17081,4
21179,4
15035,4
15037,4
17088,4
12992,4
19138,4
17098,4
17101,4
17106,4
15059,4
17110,4
10969,4
8922,4
2779,4
10979,4
19171,4
4836,4
17128,4
4843,4
19180,4
2799,4
6898,4
8959,4
11021,4
6927,4
4880,4
19218,4
19234,4
21283,4
4905,4
19269,4
4934,4
17225,4
17226,4
6998,4
13144,4
17251,4
7012,4
11112,4
17256,4
9066,4
9071,4
9074,4
13176,4
15225,4
17281,4
21384,4
15244,4
11150,4
9103,4
15248,4
17296,4
15253,4
2966,4
9114,4
13215,4
13216,4
19360,4
2981,4
13221,4
13222,4
11176,4
17327,4
5048,4
11192,4
17341,4
3011,4
3012,4
13253,4
5062,4
17352,4
7113,4
971,4
11211,4
13262,4
9166,4
17361,4
17363,4
7126,4
13271,4
17379,4
9190,4
13287,4
15336,4
15335,4
15340,4
19448,4
9210,4
1018,4
17405,4
13309,4
9214,4
19455,4
19458,4
19464,4
11277,4
15381,4
5148,4
9250,4
9251,4
19496,4
5160,4
13355,4
9259,4
5164,4
15412,4
1082,4
11325,4
17469,4
1086,4
19518,4
15423,4
11330,4
17475,4
13382,4
15430,4
15432,4
13384,4
11337,4
7245,4
5198,4
13390,4
11344,4
3157,4
17497,4
9307,4
13405,4
11359,4
1120,4
15460,4
13412,4
11367,4
11369,4
19561,4
5225,4
13417,4
15467,4
11372,4
13424,4
1143,4
3200,4
13444,4
13447,4
3212,4
3213,4
7311,4
7312,4
17553,4
13457,4
11411,4
17558,4
7321,4
15513,4
11417,4
3225,4
13476,4
13481,4
17578,4
19629,4
19630,4
17584,4
9393,4
13489,4
1203,4
17597,4
11456,4
9409,4
17612,4
5335,4
17631,4
5344,4
13541,4
19691,4
11501,4
3310,4
17647,4
5360,4
5364,4
15604,4
9462,4
1270,4
19705,4
7425,4
5381,4
9480,4
7439,4
9487,4
15639,4
11544,4
11545,4
11547,4
1308,4
9504,4
9510,4
1318,4
17704,4
13618,4
9526,4
1340,4
9533,4
13633,4
1345,4
3395,4
15695,4
11600,4
17746,4
3413,4
13658,4
9564,4
7518,4
3427,4
1382,4
1383,4
1385,4
13677,4
9584,4
7541,4
17783,4
3463,4
15752,4
3468,4
17806,4
19862,4
5527,4
9627,4
13725,4
3486,4
13729,4
3494,4
19879,4
17832,4
15785,4
15788,4
17838,4
19891,4
9653,4
15800,4
9660,4
13760,4
15812,4
3525,4
7624,4
3530,4
9676,4
3536,4
11728,4
11730,4
19921,4
19923,4
1493,4
19926,4
15835,4
19934,4
7649,4
3562,4
13802,4
17900,4
3571,4
15868,4
11778,4
19970,4
9733,4
7693,4
1552,4
15901,4
3614,4
3620,4
9764,4
9775,4
1583,4
1597,4
7746,4
11846,4
5705,4
9802,4
13899,4
5714,4
7765,4
18008,4
9817,4
13920,4
15970,4
20067,4
5734,4
5752,4
15996,4
13948,4
9854,4
13951,4
9855,4
7808,4
5764,4
11910,4
16007,4
7828,4
20116,4
7829,4
11937,4
20129,4
16035,4
11940,4
13988,4
18085,4
13990,4
9895,4
1712,4
11955,4
7865,4
5820,4
5823,4
11969,4
3778,4
3782,4
5831,4
14024,4
7883,4
20174,4
7888,4
1754,4
5853,4
20190,4
16095,4
1759,4
9956,4
3826,4
7925,4
16130,4
18187,4
18188,4
3859,4
16147,4
5918,4
10021,4
14129,4
12091,4
8002,4
16196,4
16200,4
1864,4
20299,4
18255,4
20305,4
1874,4
10067,4
20309,4
18261,4
12122,4
12133,4
18280,4
8042,4
18283,4
5996,4
20334,4
16250,4
16253,4
6014,4
1918,4
6023,4
1929,4
14219,4
20364,4
3983,4
10135,4
18329,4
1946,4
3996,4
12188,4
3999,4
12195,4
18341,4
12198,4
18347,4
10156,4
16302,4
4017,4
6068,4
6070,4
8122,4
16326,4
14279,4
12235,4
12241,4
6101,4
8152,4
16349,4
10214,4
2024,4
20460,4
10223,4
4086,4
4088,4
14332,4
18429,4
14334,4
18442,5
12300,5
10271,5
6178,5
12323,5
10277,5
2089,5
6189,5
6196,5
8247,5
4155,5
12350,5
16447,5
18495,5
18497,5
8263,5
12362,5
6220,5
8269,5
10328,5
8280,5
2143,5
8290,5
16483,5
8294,5
18535,5
2152,5
16496,5
4208,5
8305,5
4214,5
12407,5
18560,5
6274,5
14467,5
18566,5
8327,5
12424,5
16522,5
12427,5
2193,5
6290,5
6295,5
10392,5
2218,5
14507,5
12464,5
6329,5
12476,5
6332,5
8382,5
4289,5
14543,5
2257,5
4305,5
20691,5
10461,5
20706,5
10480,5
8436,5
10484,5
4342,5
4358,5
6407,5
14599,5
4363,5
12558,5
16655,5
4370,5
14611,5
10518,5
4384,5
16672,5
14624,5
20773,5
12583,5
20776,5
10535,5
4395,5
4408,5
10554,5
322,5
10563,5
16710,5
6472,5
12617,5
8534,5
10585,5
8539,5
12639,5
18785,5
14703,5
10607,5
14708,5
2421,5
6516,5
12663,5
18809,5
2429,5
8578,5
2436,5
10630,5
4491,5
2447,5
18837,5
10646,5
20887,5
20885,5
14742,5
20890,5
20893,5
2467,5
6566,5
20902,5
10670,5
8627,5
14772,5
8630,5
16824,5
14778,5
2495,5
10690,5
16843,5
10702,5
18895,5
4558,5
20948,5
4565,5
18908,5
14813,5
16865,5
4580,5
20966,5
18930,5
18944,5
6659,5
10755,5
14852,5
14857,5
12816,5
14870,5
10778,5
21021,5
21022,5
12832,5
16937,5
8751,5
12847,5
18991,5
6705,5
21041,5
21049,5
19007,5
14912,5
10820,5
6730,5
16975,5
10840,5
12889,5
2656,5
10849,5
14944,5
14949,5
8813,5
2684,5
17022,5
17025,5
17030,5
4746,5
4752,5
14995,5
2707,5
19096,5
12952,5
21150,5
6815,5
8864,5
21156,5
10918,5
10920,5
4778,5
17066,5
21167,5
4788,5
21178,5
19134,5
8897,5
10952,5
21192,5
15051,5
10964,5
13013,5
10973,5
10978,5
13028,5
10988,5
19185,5
21236,5
19190,5
19191,5
17145,5
4860,5
4863,5
8974,5
17170,5
11027,5
11036,5
6946,5
19235,5
8997,5
9010,5
4915,5
19256,5
17209,5
15164,5
21315,5
6993,5
6994,5
9043,5
2902,5
2904,5
4959,5
11104,5
7008,5
4962,5
19306,5
21356,5
2924,5
13167,5
15219,5
21378,5
17295,5
19346,5
2963,5
9110,5
17303,5
17302,5
11163,5
15266,5
17322,5
21421,5
13233,5
13238,5
17339,5
19387,5
13243,5
17349,5
13260,5
9172,5
7125,5
5078,5
9175,5
987,5
3038,5
3043,5
5101,5
19438,5
13296,5
15345,5
5110,5
11258,5
3068,5
9216,5
19476,5
7188,5
13335,5
5143,5
11291,5
17446,5
9256,5
3121,5
5170,5
19506,5
15414,5
7224,5
5177,5
5185,5
11353,5
11358,5
13407,5
3168,5
15462,5
7270,5
7276,5
3183,5
9331,5
9334,5
19580,5
5247,5
17542,5
9356,5
15501,5
11407,5
1176,5
3233,5
9380,5
1188,5
7336,5
19626,5
9390,5
11440,5
11443,5
5302,5
9405,5
17600,5
7360,5
19650,5
15557,5
3270,5
17615,5
17617,5
11477,5
13527,5
19675,5
3295,5
5347,5
5350,5
7401,5
1269,5
11515,5
13568,5
5386,5
5388,5
5407,5
17706,5
1326,5
19758,5
5427,5
3383,5
13628,5
7486,5
5441,5
17730,5
15683,5
13636,5
9543,5
1355,5
1358,5
15698,5
3414,5
13659,5
9565,5
11615,5
11616,5
15719,5
9579,5
9594,5
17792,5
3461,5
17800,5
15754,5
17811,5
5524,5
17819,5
19871,5
7597,5
9657,5
5562,5
11708,5
17853,5
3519,5
9665,5
19907,5
9667,5
11717,5
13771,5
19917,5
17870,5
15822,5
7636,5
19932,5
9696,5
11749,5
3559,5
17898,5
5610,5
5615,5
15859,5
13821,5
3581,5
7690,5
17932,5
17933,5
15895,5
11808,5
1570,5
17955,5
13860,5
20008,5
20009,5
20010,5
9771,5
9773,5
1592,5
1594,5
9790,5
1599,5
15938,5
11842,5
1618,5
20051,5
15955,5
11861,5
9815,5
1623,5
1625,5
15963,5
18018,5
11879,5
20074,5
7795,5
20088,5
9859,5
16006,5
11911,5
7816,5
7821,5
16014,5
9872,5
1682,5
3736,5
20121,5
7834,5
11931,5
11932,5
3753,5
7850,5
16049,5
11959,5
3769,5
16060,5
5826,5
18116,5
5829,5
5835,5
1741,5
11981,5
9937,5
1745,5
1752,5
1753,5
9961,5
14057,5
14061,5
9965,5
14063,5
9974,5
12029,5
12032,5
1793,5
9987,5
9993,5
1803,5
1807,5
1809,5
3858,5
18205,5
10014,5
20253,5
10016,5
3875,5
1828,5
3880,5
10028,5
20269,5
12079,5
14137,5
16187,5
14143,5
20290,5
12104,5
1866,5
18252,5
12117,5
3931,5
10077,5
16231,5
12150,5
20344,5
12158,5
6021,5
8072,5
8073,5
3978,5
12174,5
12175,5
6034,5
20370,5
12180,5
20373,5
6041,5
18332,5
20383,5
4008,5
4011,5
1967,5
1972,5
16310,5
1977,5
4025,5
6078,5
12223,5
20419,5
18373,5
4038,5
6087,5
4041,5
1996,5
16337,5
14294,5
6105,5
10207,5
4063,5
14304,5
8162,5
18403,5
6123,5
10225,5
18422,5
20472,5
18426,5
10239,5
5121,6
11270,6
15368,6
4104,6
7178,6
11275,6
8203,6
18445,6
18444,6
1039,6
1020,6
18455,6
11288,6
8218,6
14362,6
3103,6
13344,6
18465,6
14371,6
18468,6
18475,6
16431,6
8240,6
16433,6
3124,6
18488,6
3133,6
4158,6
7230,6
18494,6
19519,6
20549,6
14406,6
7240,6
13387,6
20557,6
19545,6
4189,6
12384,6
8295,6
16488,6
2157,6
7284,6
16503,6
7287,6
7304,6
13450,6
17548,6
11408,6
6291,6
15515,6
17563,6
9379,6
16554,6
7344,6
19635,6
2230,6
1207,6
10423,6
13498,6
16578,6
15555,6
10436,6
10440,6
20684,6
17614,6
12498,6
19671,6
2264,6
10458,6
19684,6
20715,6
8432,6
14577,6
16626,6
18674,6
16633,6
14590,6
20737,6
14594,6
18693,6
15628,6
6415,6
17681,6
5396,6
14621,6
7453,6
6437,6
14633,6
3373,6
20787,6
3380,6
13621,6
1343,6
7489,6
9540,6
3398,6
7495,6
15687,6
8527,6
1371,6
13667,6
2408,6
11628,6
5485,6
12654,6
20855,6
20856,6
16761,6
4479,6
20867,6
12680,6
18825,6
12682,6
19852,6
7573,6
16793,6
15770,6
11674,6
2466,6
18855,6
12714,6
19882,6
1459,6
3517,6
13757,6
15806,6
10705,6
2514,6
6613,6
14806,6
15833,6
13788,6
1510,6
8681,6
12778,6
6644,6
10741,6
11779,6
15877,6
13833,6
10761,6
14859,6
8721,6
11799,6
4633,6
5661,6
13863,6
18988,6
20012,6
1581,6
10797,6
20024,6
13886,6
21059,6
579,6
9796,6
4679,6
19015,6
17992,6
19016,6
19452,6
19023,6
8783,6
5716,6
13908,6
19029,6
15958,6
12895,6
18026,6
19054,6
21102,6
21104,6
12915,6
12918,6
3702,6
18056,6
21137,6
19105,6
13986,6
8868,6
17072,6
8881,6
14004,6
15029,6
10940,6
11968,6
16069,6
16076,6
7891,6
15062,6
4826,6
20189,6
21214,6
19168,6
7908,6
17124,6
1765,6
7911,6
15081,6
16106,6
1772,6
6894,6
16111,6
12019,6
12020,6
7926,6
1785,6
2809,6
21253,6
16137,6
5905,6
12052,6
4893,6
20261,6
18213,6
8999,6
11049,6
14122,6
13099,6
13103,6
14131,6
6965,6
1846,6
12085,6
12087,6
14140,6
13118,6
9026,6
20292,6
21321,6
19273,6
21323,6
2895,6
10072,6
10073,6
3937,6
20327,6
1895,6
2920,6
20328,6
19312,6
6004,6
1911,6
15224,6
21369,6
13179,6
11144,6
5005,6
13197,6
7065,6
3993,6
19355,6
8090,6
17321,6
19369,6
21427,6
19385,6
12220,6
14277,6
19400,6
12233,6
15305,6
18377,6
6097,6
16339,6
15319,6
20442,6
12250,6
11240,6
4073,6
13290,6
2028,6
2029,6
18412,6
15347,6
16371,6
13302,6
11256,6
11260,6
16383,6
20352,7
18307,7
4227,7
8580,7
10506,7
16011,7
15633,7
15250,7
18705,7
2460,7
20125,7
14108,7
14753,7
12964,7
6440,7
10280,7
16555,7
13741,7
20144,7
7602,7
8755,7
19893,7
17334,7
12598,7
15417,7
10553,7
11963,7
19393,7
16322,7
9537,7
9413,7
17350,7
5706,7
10059,7
20686,7
8401,7
13650,7
4308,7
13783,7
14040,7
19929,7
11994,7
11995,7
13660,7
9821,7
12128,7
9573,7
9574,7
11753,7
1258,7
11882,7
3950,7
11379,7
5363,7
10229,7
15862,7
15223,7
11512,7
17657,7
2304,8
21250,8
3842,8
19972,8
15365,8
2949,8
3589,8
1414,8
15497,8
21388,8
1293,8
8077,8
20749,8
18191,8
13971,8
7700,8
21019,8
10140,8
9757,8
10911,8
1825,8
16162,8
18087,8
18090,8
4660,8
5559,8
20669,8
6854,8
3014,8
9293,8
17230,8
10958,8
7121,8
13524,8
20440,8
12632,8
11097,8
5849,8
15323,8
15069,8
10975,8
6115,8
14308,8
12645,8
21354,8
1899,8
16874,8
9707,8
6128,8
18549,8
8576,9
3971,9
19592,9
2699,9
16143,9
6929,9
17428,9
20244,9
1301,9
5915,9
3747,9
19880,9
14891,9
19628,9
6322,9
7732,9
2229,9
16181,9
5047,9
10299,9
5181,9
20670,9
9406,9
20672,9
20674,9
9416,9
2504,9
12490,9
2125,9
12366,9
10319,9
19283,9
15061,9
14550,9
10714,9
12634,9
18907,9
17890,9
8166,9
15594,9
13674,9
15083,9
1646,9
16115,9
20851,9
4601,9
4474,9
16891,9
21118,9
4607,9
2738,10
20467,10
17077,10
10791,10
12234,10
17260,10
16255,10
4380,11
2210,12
15495,13
